--
-- Script was generated by Devart dbForge Studio for SQL Server, Version 5.1.178.0
-- Product Home Page: http://www.devart.com/dbforge/sql/studio
-- Script date 05/05/2017 23:15:13
-- Target server version: 12.00.2000
-- Target connection string: Data Source=AMBRATOLM-PC\AMBRATOLM_SQL;Integrated Security=True
-- Please backup your target database before running this script
--



SET LANGUAGE 'French'
SET DATEFORMAT ymd
SET ARITHABORT, ANSI_PADDING, ANSI_WARNINGS, CONCAT_NULL_YIELDS_NULL, QUOTED_IDENTIFIER, ANSI_NULLS, NOCOUNT ON
SET NUMERIC_ROUNDABORT, IMPLICIT_TRANSACTIONS, XACT_ABORT OFF
GO

USE ASP_TP9
GO
IF DB_NAME() <> N'ASP_TP9' SET NOEXEC ON
GO

--
-- Inserting data into table dbo.Entreprise
--
SET IDENTITY_INSERT dbo.Entreprise ON
GO
INSERT dbo.Entreprise(num_entreprise, nom_entreprise, adresse, telephone, email, nombre_employes) VALUES (1, N'Playpickoller', N'4 Halford Road, Bolton, Inverness-shire EX97 1QR', N'(232) 492-1650', N'ChrisGlover9@nowhere.com', 458)
INSERT dbo.Entreprise(num_entreprise, nom_entreprise, adresse, telephone, email, nombre_employes) VALUES (2, N'Stereoplottator', N'5-6 Old Ruislip Road, Blackburn, East Lothian DL73 1NV', N'(984) 846-7515', N'Nicholas@example.com', 258)
INSERT dbo.Entreprise(num_entreprise, nom_entreprise, adresse, telephone, email, nombre_employes) VALUES (3, N'Anplottaquphone', N'55-49 Elton Avenue, Leicester, West Midlands CV47 2QY', N'(241) 469-1805', N'Bullard@example.com', 938)
INSERT dbo.Entreprise(num_entreprise, nom_entreprise, adresse, telephone, email, nombre_employes) VALUES (4, N'Moncordexra', N'3-7 Craig''s Court, Sutton Coldfield, Powys LS8 9FB', N'(333) 085-7864', N'RudolphF_Horner72@example.com', 264)
GO
SET IDENTITY_INSERT dbo.Entreprise OFF
GO

--
-- Inserting data into table dbo.Maladie
--
SET IDENTITY_INSERT dbo.Maladie ON
GO
INSERT dbo.Maladie(num_maladie, designation_maladie) VALUES (1, N'ttsshklfyrhnrzhbfyed')
INSERT dbo.Maladie(num_maladie, designation_maladie) VALUES (2, N'rnrynwidw')
INSERT dbo.Maladie(num_maladie, designation_maladie) VALUES (3, N'igdfif')
INSERT dbo.Maladie(num_maladie, designation_maladie) VALUES (4, N'qemvk')
INSERT dbo.Maladie(num_maladie, designation_maladie) VALUES (5, N'ptpdoof')
INSERT dbo.Maladie(num_maladie, designation_maladie) VALUES (6, N'nfqbgattndccoygnuzw')
GO
SET IDENTITY_INSERT dbo.Maladie OFF
GO

--
-- Inserting data into table dbo.Utilisateur
--
SET IDENTITY_INSERT dbo.Utilisateur ON
GO
INSERT dbo.Utilisateur(id, [user], pass, role) VALUES (1, N'user', N'abc123', NULL)
INSERT dbo.Utilisateur(id, [user], pass, role) VALUES (2, N'admin', N'abc123', NULL)
INSERT dbo.Utilisateur(id, [user], pass, role) VALUES (3, N'mod', N'abc123', NULL)
GO
SET IDENTITY_INSERT dbo.Utilisateur OFF
GO

--
-- Inserting data into table dbo.Assuré
--
INSERT dbo.Assuré(matricule, nom_ass, prenom_ass, date_naissance, nb_enfants, situation_familiale, num_entreprise, total_remb, date_deces, mot_passe) VALUES (N'Britteny2021', N'Quentin', N'Abreu', '1965-04-30', 0, N'Marié', 3, 769.0067, NULL, N'2699DJ01')
INSERT dbo.Assuré(matricule, nom_ass, prenom_ass, date_naissance, nb_enfants, situation_familiale, num_entreprise, total_remb, date_deces, mot_passe) VALUES (N'Alpha966', N'Willian', N'Wolff', '1968-02-16', 0, N'Marié', 2, 1000, NULL, N'CG0U77C7')
INSERT dbo.Assuré(matricule, nom_ass, prenom_ass, date_naissance, nb_enfants, situation_familiale, num_entreprise, total_remb, date_deces, mot_passe) VALUES (N'Monroe28', N'Reynaldo', N'Leger', '1958-11-06', 4, N'Célibataire', 2, 4427, NULL, N'19771VF5')
INSERT dbo.Assuré(matricule, nom_ass, prenom_ass, date_naissance, nb_enfants, situation_familiale, num_entreprise, total_remb, date_deces, mot_passe) VALUES (N'Seiler2009', N'Ahmed', N'Doe', '1947-04-05', 0, N'Célibataire', 4, 1000, NULL, N'WZ5247J4')
INSERT dbo.Assuré(matricule, nom_ass, prenom_ass, date_naissance, nb_enfants, situation_familiale, num_entreprise, total_remb, date_deces, mot_passe) VALUES (N'Richie2023', N'Adolfo', N'Hinson', '1954-03-26', 2, N'Célibataire', 1, 2741.0264, NULL, N'29NEAJ99')
INSERT dbo.Assuré(matricule, nom_ass, prenom_ass, date_naissance, nb_enfants, situation_familiale, num_entreprise, total_remb, date_deces, mot_passe) VALUES (N'Nowak35', N'Dudley', N'Legg', '1952-04-18', 1, N'Célibataire', 3, 2034.0193, NULL, N'S00UDR49')
INSERT dbo.Assuré(matricule, nom_ass, prenom_ass, date_naissance, nb_enfants, situation_familiale, num_entreprise, total_remb, date_deces, mot_passe) VALUES (N'Ezequiel9', N'Noe', N'Mcconnell', '1954-09-13', 2, N'Marié', 1, 2912.0281, NULL, N'4I0DV2V4')
INSERT dbo.Assuré(matricule, nom_ass, prenom_ass, date_naissance, nb_enfants, situation_familiale, num_entreprise, total_remb, date_deces, mot_passe) VALUES (N'Weston2', N'Gary', N'Bowie', '1947-01-07', 0, N'Célibataire', 2, 1000, NULL, N'4990G5HK')
INSERT dbo.Assuré(matricule, nom_ass, prenom_ass, date_naissance, nb_enfants, situation_familiale, num_entreprise, total_remb, date_deces, mot_passe) VALUES (N'Felicia98', N'Sabrina', N'Hinton', '1957-12-30', 4, N'Célibataire', 2, 4116.0402, NULL, N'Y68QA3H0')
INSERT dbo.Assuré(matricule, nom_ass, prenom_ass, date_naissance, nb_enfants, situation_familiale, num_entreprise, total_remb, date_deces, mot_passe) VALUES (N'Hilliard1954', N'Blondell', N'Leggett', '1956-08-24', 3, N'Marié', 4, 3623.0352, NULL, N'C91C7W26')
INSERT dbo.Assuré(matricule, nom_ass, prenom_ass, date_naissance, nb_enfants, situation_familiale, num_entreprise, total_remb, date_deces, mot_passe) VALUES (N'Jarrett418', N'Todd', N'Hirsch', '1956-04-29', 3, N'Célibataire', 1, 3506.0341, NULL, N'R6O3K1B4')
INSERT dbo.Assuré(matricule, nom_ass, prenom_ass, date_naissance, nb_enfants, situation_familiale, num_entreprise, total_remb, date_deces, mot_passe) VALUES (N'Sammy8', N'Gertha', N'Gilley', '1947-01-09', 0, N'Célibataire', 2, 1000, NULL, N'9XXV159O')
INSERT dbo.Assuré(matricule, nom_ass, prenom_ass, date_naissance, nb_enfants, situation_familiale, num_entreprise, total_remb, date_deces, mot_passe) VALUES (N'Shannon256', N'Paige', N'Lehman', '1955-06-06', 3, N'Célibataire', 3, 3178.0308, NULL, N'N3NKC0P0')
INSERT dbo.Assuré(matricule, nom_ass, prenom_ass, date_naissance, nb_enfants, situation_familiale, num_entreprise, total_remb, date_deces, mot_passe) VALUES (N'Ashly42', N'Blake', N'Doherty', '1957-08-04', 3, N'Célibataire', 4, 3968.0387, NULL, N'GCHCNI66')
INSERT dbo.Assuré(matricule, nom_ass, prenom_ass, date_naissance, nb_enfants, situation_familiale, num_entreprise, total_remb, date_deces, mot_passe) VALUES (N'Fontaine2025', N'Kim', N'Gilliam', '1954-05-05', 2, N'Marié', 4, 2781.0268, NULL, N'P2S527XO')
INSERT dbo.Assuré(matricule, nom_ass, prenom_ass, date_naissance, nb_enfants, situation_familiale, num_entreprise, total_remb, date_deces, mot_passe) VALUES (N'Micheal2', N'Karl', N'Hitchcock', '1961-05-19', 5, N'Célibataire', 1, 1000, NULL, N'LA4PFL21')
INSERT dbo.Assuré(matricule, nom_ass, prenom_ass, date_naissance, nb_enfants, situation_familiale, num_entreprise, total_remb, date_deces, mot_passe) VALUES (N'Blaine1958', N'Kaylee', N'Pappas', '1963-06-12', 0, N'Célibataire', 2, 700.0060, NULL, N'S399HM98')
INSERT dbo.Assuré(matricule, nom_ass, prenom_ass, date_naissance, nb_enfants, situation_familiale, num_entreprise, total_remb, date_deces, mot_passe) VALUES (N'Teodora22', N'Aundrea', N'Street', '1996-04-23', 1, N'Célibataire', 4, 1901.0180, NULL, N'Y6C3TN0D')
INSERT dbo.Assuré(matricule, nom_ass, prenom_ass, date_naissance, nb_enfants, situation_familiale, num_entreprise, total_remb, date_deces, mot_passe) VALUES (N'Merle6', N'Lawerence', N'Acevedo', '1952-02-07', 1, N'Marié', 2, 1963.0186, NULL, N'VWN988J7')
INSERT dbo.Assuré(matricule, nom_ass, prenom_ass, date_naissance, nb_enfants, situation_familiale, num_entreprise, total_remb, date_deces, mot_passe) VALUES (N'Manie635', N'Herbert', N'Lehmann', '1952-11-06', 2, N'Marié', 4, 2236.0214, NULL, N'VBR89M7U')
GO

--
-- Inserting data into table dbo.Dossier
--
SET IDENTITY_INSERT dbo.Dossier ON
GO
INSERT dbo.Dossier(num_dossier, date_depot, montant_remboursement, date_traitement, lien_malade, matricule, num_maladie, total_dossier) VALUES (1, '1981-04-24', 413.0041, '1981-05-05', N'Kearny', N'Sammy8', 2, 0.0087)
INSERT dbo.Dossier(num_dossier, date_depot, montant_remboursement, date_traitement, lien_malade, matricule, num_maladie, total_dossier) VALUES (2, '1979-06-08', 344.0034, '1979-06-08', N'West Jordan', N'Britteny2021', 2, 5226.1705)
INSERT dbo.Dossier(num_dossier, date_depot, montant_remboursement, date_traitement, lien_malade, matricule, num_maladie, total_dossier) VALUES (3, '1982-05-20', 45.2284, '1982-05-31', N'Sterling City', N'Blaine1958', 4, 0.0067)
INSERT dbo.Dossier(num_dossier, date_depot, montant_remboursement, date_traitement, lien_malade, matricule, num_maladie, total_dossier) VALUES (4, '1978-07-08', 311.0031, '1978-07-13', N'Matthews', N'Sammy8', 5, 5167.0517)
INSERT dbo.Dossier(num_dossier, date_depot, montant_remboursement, date_traitement, lien_malade, matricule, num_maladie, total_dossier) VALUES (5, '2014-07-13', 1626.0163, '2014-07-24', N'Badger', N'Felicia98', 4, 0.9323)
INSERT dbo.Dossier(num_dossier, date_depot, montant_remboursement, date_traitement, lien_malade, matricule, num_maladie, total_dossier) VALUES (6, '1974-12-25', 18.1982, '1975-01-05', N'West Kennebunk', N'Manie635', 5, 0.1112)
INSERT dbo.Dossier(num_dossier, date_depot, montant_remboursement, date_traitement, lien_malade, matricule, num_maladie, total_dossier) VALUES (7, '1978-05-16', 305.0031, '1978-05-20', N'Cedar Creek', N'Micheal2', 5, 3456.0346)
INSERT dbo.Dossier(num_dossier, date_depot, montant_remboursement, date_traitement, lien_malade, matricule, num_maladie, total_dossier) VALUES (8, '1977-03-22', 263.0026, '1977-04-02', N'Kearsarge', N'Teodora22', 3, 0.0086)
INSERT dbo.Dossier(num_dossier, date_depot, montant_remboursement, date_traitement, lien_malade, matricule, num_maladie, total_dossier) VALUES (9, '1970-01-01', 0.0000, '1970-01-13', N'Douglassville', N'Ezequiel9', 6, 1057.0106)
INSERT dbo.Dossier(num_dossier, date_depot, montant_remboursement, date_traitement, lien_malade, matricule, num_maladie, total_dossier) VALUES (10, '1986-12-07', 618.0062, '1986-12-18', N'Baggs', N'Micheal2', 6, 0.3859)
INSERT dbo.Dossier(num_dossier, date_depot, montant_remboursement, date_traitement, lien_malade, matricule, num_maladie, total_dossier) VALUES (11, '1970-01-10', 0.0009, '1970-01-13', N'Sterling Forest', N'Weston2', 3, 2903.0290)
INSERT dbo.Dossier(num_dossier, date_depot, montant_remboursement, date_traitement, lien_malade, matricule, num_maladie, total_dossier) VALUES (12, '1970-07-24', 0.0204, '1970-07-24', N'Normal', N'Micheal2', 3, 1024.0102)
INSERT dbo.Dossier(num_dossier, date_depot, montant_remboursement, date_traitement, lien_malade, matricule, num_maladie, total_dossier) VALUES (13, '2009-09-13', 1450.0145, '2009-09-13', N'West Kingston', N'Shannon256', 6, 3522)
INSERT dbo.Dossier(num_dossier, date_depot, montant_remboursement, date_traitement, lien_malade, matricule, num_maladie, total_dossier) VALUES (14, '1978-04-25', 303.0030, '1978-05-03', N'Prophetstown', N'Hilliard1954', 2, 7644.0764)
INSERT dbo.Dossier(num_dossier, date_depot, montant_remboursement, date_traitement, lien_malade, matricule, num_maladie, total_dossier) VALUES (15, '1976-02-19', 224.0022, '1976-02-19', N'Sterling Heights', N'Monroe28', 1, 1163.0116)
INSERT dbo.Dossier(num_dossier, date_depot, montant_remboursement, date_traitement, lien_malade, matricule, num_maladie, total_dossier) VALUES (16, '1970-01-12', 0.0011, '1970-01-15', N'West Lafayette', N'Blaine1958', 5, 2837.0284)
INSERT dbo.Dossier(num_dossier, date_depot, montant_remboursement, date_traitement, lien_malade, matricule, num_maladie, total_dossier) VALUES (17, '1970-02-25', 0.0055, '1970-02-25', N'Cedar Crest', N'Shannon256', 3, 1408)
INSERT dbo.Dossier(num_dossier, date_depot, montant_remboursement, date_traitement, lien_malade, matricule, num_maladie, total_dossier) VALUES (18, '1979-03-31', 337.0034, '1979-04-11', N'Bagley', N'Teodora22', 2, 95.9245)
INSERT dbo.Dossier(num_dossier, date_depot, montant_remboursement, date_traitement, lien_malade, matricule, num_maladie, total_dossier) VALUES (19, '1970-02-25', 0.0055, '1970-02-25', N'Cedar Falls', N'Sammy8', 4, 3557.0356)
INSERT dbo.Dossier(num_dossier, date_depot, montant_remboursement, date_traitement, lien_malade, matricule, num_maladie, total_dossier) VALUES (20, '1981-10-08', 429.0043, '1981-10-08', N'Stet', N'Richie2023', 4, 4795)
GO
SET IDENTITY_INSERT dbo.Dossier OFF
GO

--
-- Set NOEXEC to off
--

SET NOEXEC OFF
GO